Channel;Broadcastingdate;Exactspotbroadcastingtime;GRPmen;ContactsMen;NetCost
HD1;17/12/16;07:14:55;0,152729;88543;139,98
HD1;17/12/16;08:43:20;0,272312;157870;123,03
HD1;17/12/16;10:03:52;0,37609;218034;357,56
HD1;17/12/16;16:31:53;0,336423;195038;111,1
HD1;18/12/16;10:52:59;0,357453;207230;369,34
HD1;18/12/16;16:42:57;0,431153;249957;428,6
HD1;18/12/16;18:27:08;0,467007;270743;282,26
HD1;18/12/16;20:57:58;0,471624;273419;497,72
HD1;19/12/16;08:50:49;0,248687;144174;289,03
HD1;19/12/16;10:30:50;0,114791;66549;159,01
HD1;19/12/16;12:24:45;0,016031;9294;17,98
HD1;19/12/16;15:51:42;0,507635;294296;388,84
HD1;19/12/16;23:08:27;0,634508;367850;1461,07
HD1;20/12/16;09:00:25;0,292964;169843;286,45
HD1;20/12/16;14:23:14;0,093103;53976;62,27
HD1;20/12/16;15:57:22;0,39746;230423;279,26
HD1;21/12/16;11:40:31;0,067167;38939;105,47
HD1;21/12/16;13:35:44;0,124036;71909;111,8
HD1;21/12/16;14:55:15;0,307744;178412;129,52
HD1;21/12/16;18:08:40;0,368708;213755;283,6
HD1;22/12/16;09:22:58;0,151429;87789;206,52
HD1;22/12/16;10:32:01;0,15375;89135;274,04
HD1;22/12/16;11:24:37;0,07579;43938;38,19
HD1;22/12/16;13:48:22;0,092736;53763;98,7
HD1;22/12/16;15:52:45;0,431726;250289;393,75
HD1;22/12/16;18:17:42;0,226172;131121;301,3
HD1;23/12/16;08:54:07;0,209504;121458;342,48
HD1;23/12/16;13:22:46;0,050625;29349;64,29
HD1;23/12/16;23:12:39;0,241326;139906;262,49
HD1;24/12/16;08:46:41;0,282164;163582;247,34
HD1;24/12/16;09:17:10;0,307377;178199;214,24
HD1;24/12/16;11:06:42;0,334116;193700;317,11
HD1;24/12/16;15:13:14;0,335524;194517;271,71
HD1;25/12/16;11:27:13;0,265286;153797;229,73
HD1;25/12/16;12:47:09;0,20541;119084;127,59
HD1;25/12/16;15:18:28;0,248307;143954;130,53
HD1;25/12/16;16:19:09;0,341432;197942;230,93
HD1;25/12/16;16:52:47;0,391934;227220;260,63
HD1;25/12/16;22:00:25;0,200639;116318;310,76
HD1;26/12/16;09:43:58;0,265348;153833;270,16
HD1;26/12/16;10:35:40;0,353855;205144;539,82
HD1;26/12/16;11:27:11;0,219704;127371;274,85
HD1;26/12/16;14:31:04;0,344518;199731;130,87
HD1;26/12/16;17:41:55;0,245151;142124;138,35
HD1;27/12/16;13:17:25;0,383812;222511;283,99
HD1;27/12/16;14:28:48;0,3369;195314;272,36
HD1;27/12/16;18:16:13;0,298011;172769;363,4
HD1;28/12/16;09:04:06;0,244626;141819;99,54
HD1;28/12/16;11:22:35;0,376726;218403;273,19
HD1;28/12/16;11:49:04;0,481484;279136;393,1
HD1;28/12/16;13:16:41;0,297245;172325;211,51
HD1;28/12/16;16:11:26;0,297414;172423;379,14
HD1;28/12/16;20:12:43;0,111629;64716;137,84
HD1;28/12/16;22:27:13;0,865909;502002;422,93
HD1;29/12/16;14:26:25;0,237339;137595;211,28
HD1;29/12/16;17:36:56;0,242551;140617;414,14
HD1;29/12/16;20:11:08;0,219305;127140;386,55
HD1;30/12/16;08:09:55;0,15325;88845;54,67
HD1;30/12/16;09:30:29;0,311484;180580;368,21
HD1;30/12/16;11:46:22;0,498779;289162;591,84
HD1;30/12/16;18:40:13;0,548782;318151;526,66
HD1;30/12/16;20:20:31;0,193532;112198;0,5
HD1;31/12/16;07:47:29;0,221324;128310;152,37
HD1;31/12/16;08:38:27;0,298725;173183;280,53
HD1;31/12/16;09:07:19;0,33915;196619;400,05
HD1;31/12/16;09:57:40;0,258807;150041;332,45
HD1;31/12/16;10:25:36;0,31507;182659;424,13
HD1;31/12/16;11:50:34;0,337542;195687;294,2
HD1;31/12/16;12:22:31;0,262351;152095;247,81
HD1;31/12/16;12:53:39;0,173364;100506;212,85
HD1;31/12/16;15:11:24;0,231058;133954;73,46
HD1;31/12/16;16:58:25;0,351967;204049;0,5
HD1;31/12/16;19:44:05;0,445329;258175;0,5
HD1;01/01/17;07:49:27;0,16295;94469;140,5
HD1;01/01/17;10:46:10;0,227204;131719;121,2
HD1;01/01/17;12:28:36;0,252049;146123;351,23
HD1;01/01/17;13:43:54;0,198474;115063;119,56
HD1;01/01/17;16:14:35;0,450506;261176;218,9
HD1;01/01/17;16:56:32;0,606543;351637;379,42
HD1;01/01/17;18:14:25;0,350984;203479;329,67
HD1;01/01/17;18:37:39;0,297603;172532;157,79
HD1;01/01/17;19:20:48;0,324542;188150;176,26
HD1;02/01/17;09:22:33;0,069472;40276;77,01
HD1;02/01/17;10:33:01;0,136291;79013;180,63
HD1;02/01/17;15:09:14;0,382984;222031;292,62
HD1;02/01/17;16:02:30;0,454915;263732;311,96
HD1;03/01/17;08:16:27;0,151602;87890;124,92
HD1;03/01/17;09:05:40;0,088492;51302;34,36
HD1;04/01/17;12:03:05;0,101176;58656;144,47
HD1;04/01/17;12:28:43;0,118324;68597;105,68
HD1;05/01/17;10:40:39;0,093025;53930;125,41
HD1;05/01/17;13:26:58;0,127547;73944;69,42
HD1;06/01/17;08:08:34;0,178036;103215;252,25
HD1;06/01/17;12:54:42;0,123629;71673;102,07
HD1;07/01/17;08:52:56;0,380822;220778;273,21
HD1;07/01/17;09:52:03;0,519611;301239;431,57
HD1;07/01/17;10:15:23;0,631721;366234;431,67
HD1;07/01/17;17:58:06;0,48449;280878;223,84
HD1;07/01/17;21:52:49;0,166425;96483;77,59
HD1;08/01/17;10:53:07;0,554331;321368;505,78
HD1;08/01/17;12:44:40;0,229399;132992;245,62
HD1;08/01/17;14:45:38;0,485298;281347;338,32
HD1;08/01/17;22:21:03;0,541231;313773;655,64
LCI;18/12/16;05:59:25;0,011304;6553;15,28
LCI;18/12/16;06:29:03;0,014491;8401;11,04
LCI;18/12/16;09:28:38;0,068421;39666;42,3
LCI;18/12/16;11:57:43;0,056406;32701;36,6
LCI;18/12/16;12:58:34;0,095794;55536;31,97
LCI;18/12/16;15:55:08;0,064105;37164;15,58
LCI;18/12/16;17:15:09;0,055672;32275;37,6
LCI;18/12/16;19:57:03;0,07356;42646;63,89
LCI;18/12/16;20:55:33;0,041574;24102;38,55
LCI;19/12/16;05:55:10;0,014252;8262;12,06
LCI;19/12/16;06:20:49;0,04751;27543;47,57
LCI;19/12/16;09:28:08;0,046955;27222;26,69
LCI;19/12/16;11:29:29;0,049876;28915;30,23
LCI;19/12/16;11:58:28;0,062805;36411;37,67
LCI;19/12/16;13:56:10;0,142106;82385;41,98
LCI;19/12/16;14:17:09;0,062357;36151;31,53
LCI;19/12/16;15:27:38;0,019464;11284;15,52
LCI;19/12/16;21:25:16;0,045238;26226;31,27
LCI;20/12/16;05:58:04;0,017129;9930;15,61
LCI;20/12/16;12:55:18;0,057331;33237;61,43
LCI;20/12/16;13:40:56;0,070496;40869;58,66
LCI;20/12/16;14:22:46;0,066079;38309;30,69
LCI;20/12/16;17:28:43;0,05255;30465;19,87
LCI;20/12/16;21:29:27;0,034059;19745;34,53
LCI;21/12/16;07:21:47;0,070508;40876;68,42
LCI;21/12/16;07:40:48;0,077332;44832;50,05
LCI;21/12/16;09:54:50;0,044073;25551;12,66
LCI;21/12/16;12:55:19;0,043316;25112;25,42
LCI;21/12/16;12:59:12;0,04821;27949;24,76
LCI;21/12/16;14:26:12;0,053238;30864;31,91
LCI;22/12/16;07:22:05;0,07286;42240;48
LCI;22/12/16;10:58:02;0,047846;27738;17,51
LCI;22/12/16;12:55:21;0,067904;39367;36,34
LCI;22/12/16;12:57:50;0,075921;44014;38,17
LCI;22/12/16;14:19:46;0,090804;52643;48,14
LCI;22/12/16;16:59:10;0,064586;37443;37,26
LCI;22/12/16;20:12:33;0,048783;28281;41,74
LCI;23/12/16;07:22:41;0,057002;33046;55,12
LCI;23/12/16;09:54:34;0,05789;33561;21,96
LCI;23/12/16;17:51:14;0,043946;25477;17,79
LCI;23/12/16;14:57:48;0,047873;27754;35,25
LCI;23/12/16;17:53:53;0,047874;27754;18,32
LCI;23/12/16;20:57:26;0,048819;28302;31,25
LCI;24/12/16;11:56:38;0,073731;42745;41,39
LCI;24/12/16;14:28:51;0,035801;20755;27,12
LCI;25/12/16;06:17:06;0,011432;6628;13,75
LCI;25/12/16;07:28:17;0,069531;40310;34,28
LCI;25/12/16;09:57:16;0,068421;39666;42,3
LCI;25/12/16;11:15:49;0,050413;29226;41,54
LCI;25/12/16;12:57:38;0,053386;30950;23,51
LCI;25/12/16;13:45:57;0,065149;37769;49,27
LCI;25/12/16;16:40:11;0,046672;27058;14,65
LCI;25/12/16;21:58:21;0,052275;30306;45,1
LCI;26/12/16;15:50:08;0,041721;24187;22,14
LCI;26/12/16;17:50:53;0,049876;28915;30,23
LCI;26/12/16;13:33:50;0,076853;44555;27,99
LCI;26/12/16;13:41:58;0,142106;82385;41,98
LCI;26/12/16;14:58:41;0,020587;11935;9,83
LCI;26/12/16;15:56:07;0,016402;9509;12,96
LCI;26/12/16;16:56:13;0,050393;29215;21,85
LCI;26/12/16;19:55:18;0,087156;50528;52,87
LCI;26/12/16;21:54:06;0,045592;26432;26,4
LCI;27/12/16;05:55:29;0,017396;10085;9,32
LCI;27/12/16;08:39:03;0,070876;41090;41,09
LCI;27/12/16;09:28:54;0,032796;19013;22,88
LCI;27/12/16;09:55:26;0,04349;25213;14,7
LCI;27/12/16;10:27:27;0,04879;28286;18,12
LCI;27/12/16;12:28:29;0,065852;38177;58,4
LCI;27/12/16;16:27:31;0,031354;18177;21,29
LCI;27/12/16;17:27:48;0,05255;30465;19,87
LCI;27/12/16;20:58:35;0,062859;36442;46,1
LCI;28/12/16;10:59:18;0,048944;28375;26,94
LCI;29/12/16;11:59:06;0,049067;28446;27,06
LCI;29/12/16;13:56:43;0,137038;79446;52,41
LCI;29/12/16;15:59:17;0,046455;26932;37,59
LCI;30/12/16;07:21:07;0,085042;49302;84,12
LCI;30/12/16;07:41:47;0,057002;33046;55,12
LCI;30/12/16;09:57:24;0,05789;33561;21,96
LCI;30/12/16;12:58:36;0,070022;40595;44,7
LCI;30/12/16;13:55:46;0,086219;49985;19,34
LCI;30/12/16;15:56:42;0,036274;21029;0,5
LCI;31/12/16;05:58:11;0,025777;14944;6,96
LCI;31/12/16;07:27:12;0,056363;32676;57,47
LCI;31/12/16;08:54:58;0,07901;45805;60,75
LCI;31/12/16;09:28:44;0,099632;57761;85,89
LCI;31/12/16;10:58:40;0,040082;23237;22,38
LCI;31/12/16;12:29:10;0,057148;33131;31,27
LCI;31/12/16;12:57:15;0,044685;25906;27,68
LCI;31/12/16;12:58:13;0,081992;47534;35,53
LCI;31/12/16;13:54:46;0,073478;42598;0,5
LCI;31/12/16;20:58:52;0,053873;31232;0,5
LCI;01/01/17;06:56:30;0,035828;20771;14,75
LCI;01/01/17;11:58:44;0,070035;40602;15,23
LCI;01/01/17;13:48:36;0,063749;36958;38,05
LCI;01/01/17;14:58:25;0,055454;32149;32,92
LCI;01/01/17;17:58:15;0,058706;34034;17,98
LCI;01/01/17;21:29:05;0,044058;25542;25,81
LCI;02/01/17;05:55:28;0,023509;13629;8,16
LCI;02/01/17;08:42:22;0,090587;52517;90,53
LCI;02/01/17;11:57:11;0,052439;30401;27,4
LCI;02/01/17;12:56:32;0,055045;31912;28,42
LCI;02/01/17;13:29:09;0,052725;30567;29,11
LCI;02/01/17;13:53:22;0,11857;68740;37,63
LCI;02/01/17;14:16:50;0,058033;33644;15,23
LCI;02/01/17;14:56:58;0,03974;23039;6,17
LCI;02/01/17;16:57:50;0,042987;24921;10,11
LCI;02/01/17;18:09:45;0,239254;138705;32,95
LCI;02/01/17;18:46:15;0,312635;181247;69,5
LCI;02/01/17;19:28:14;0,2889;167487;71,8
LCI;02/01/17;19:50:01;0,204976;118833;63,84
LCI;02/01/17;19:51:08;0,134103;77745;57,99
LCI;03/01/17;05:56:15;0,022251;12900;7,49
LCI;03/01/17;13:55:32;0,114293;66260;18,28
LCI;03/01/17;15:57:42;0,019448;11275;9,96
LCI;03/01/17;16:28:01;0,029691;17213;25,34
LCI;03/01/17;16:56:33;0,03276;18992;18,69
LCI;03/01/17;17:54:02;0,037912;21979;13,76
LCI;03/01/17;18:11:29;0,194251;112615;40,52
LCI;03/01/17;18:12:52;0,241144;139801;38,39
LCI;03/01/17;18:45:29;0,241144;139801;38,39
LCI;03/01/17;18:47:37;0,294918;170976;36,11
LCI;03/01/17;19:28:42;0,214743;124495;54,77
LCI;03/01/17;19:50:48;0,214743;124495;54,77
LCI;04/01/17;08:58:37;0,058606;33976;37,77
LCI;04/01/17;12:55:40;0,05025;29132;22,07
LCI;04/01/17;12:59:00;0,055929;32424;21,09
LCI;04/01/17;14:54:12;0,053874;31233;36,26
LCI;04/01/17;14:58:01;0,046198;26783;32,39
LCI;04/01/17;16:55:03;0,036934;21412;15,59
LCI;04/01/17;17:30:06;0,034874;20218;11,03
LCI;04/01/17;17:54:34;0,044263;25661;10,91
LCI;04/01/17;18:12:20;0,212354;123110;48,92
LCI;04/01/17;18:42:04;0,212354;123110;49,9
LCI;04/01/17;18:46:19;0,283213;164190;79,54
LCI;04/01/17;19:26:38;0,297949;172733;78,17
LCI;04/01/17;19:28:14;0,246102;142675;82,03
LCI;04/01/17;19:49:37;0,246102;142675;82,03
LCI;04/01/17;19:52:44;0,149362;86591;63,04
LCI;05/01/17;10:13:30;0,054028;31322;10,67
LCI;05/01/17;11:57:59;0,056396;32695;18,27
LCI;05/01/17;12:54:53;0,039161;22703;15,3
LCI;05/01/17;13:29:21;0,055166;31982;13,7
LCI;05/01/17;14:59:32;0,045046;26115;24,4
LCI;05/01/17;16:57:53;0,035626;20654;10,63
LCI;05/01/17;18:08:03;0,197011;114215;26,7
LCI;05/01/17;18:45:12;0,20977;121612;30,17
LCI;05/01/17;18:44:15;0,29176;169145;45,56
LCI;05/01/17;19:30:21;0,287853;166880;96,1
LCI;05/01/17;19:29:08;0,199669;115756;64,96
LCI;05/01/17;19:47:34;0,199669;115756;64,96
LCI;06/01/17;13:27:21;0,042005;24352;21,01
LCI;06/01/17;14:15:45;0,063423;36769;39,76
LCI;06/01/17;15:58:39;0,035864;20792;25,31
LCI;06/01/17;17:27:42;0,028901;16755;15,13
LCI;06/01/17;17:29:16;0,025812;14964;10,55
LCI;06/01/17;17:52:41;0,021151;12262;9,84
LCI;06/01/17;18:10:33;0,169838;98462;31,77
LCI;06/01/17;18:11:41;0,197599;114556;40,97
LCI;06/01/17;18:47:25;0,271539;157422;56,29
LCI;06/01/17;19:25:46;0,278423;161413;67,56
LCI;06/01/17;19:29:24;0,222386;128926;54,38
LCI;06/01/17;19:55:53;0,222386;128926;54,38
LCI;08/01/17;05:57:22;0,018282;10599;11,95
NT1;17/12/16;13:37:32;0,172332;99908;338,04
NT1;17/12/16;17:16:15;0,087769;50883;201,14
NT1;18/12/16;14:15:10;0,354471;205501;682,59
NT1;18/12/16;15:08:12;0,365646;211980;700,6
NT1;18/12/16;17:39:01;0,402562;233381;554,17
NT1;18/12/16;18:53:06;0,456786;264817;927,75
NT1;19/12/16;09:52:38;0,21443;124314;173,38
NT1;19/12/16;11:20:36;0,267406;155026;248,19
NT1;20/12/16;11:37:02;0,243595;141222;121,13
NT1;20/12/16;14:40:19;0,180691;104754;172,2
NT1;20/12/16;16:19:26;0,258031;149591;392,33
NT1;21/12/16;11:09:25;0,361005;209289;311,04
NT1;21/12/16;15:08:27;0,189764;110014;172,12
NT1;21/12/16;17:29:02;0,335506;194506;438,57
NT1;21/12/16;21:35:38;1,038409;602007;1983,31
NT1;22/12/16;11:49:35;0,288989;167538;331,6
NT1;22/12/16;17:32:09;0,230884;133853;291,21
NT1;23/12/16;09:46:11;0,122017;70738;70,73
NT1;23/12/16;11:44:36;0,262038;151914;271,22
NT1;23/12/16;16:54:10;0,225695;130844;309,91
NT1;25/12/16;11:17:54;0,112053;64962;243,32
NT1;25/12/16;12:05:12;0,139536;80895;208,14
NT1;25/12/16;14:09:20;0,065529;37990;99,58
NT1;25/12/16;14:58:30;0,114688;66489;258,38
NT1;26/12/16;14:58:17;0,222149;128789;390,91
NT1;26/12/16;17:15:20;0,265409;153868;359,71
NT1;26/12/16;18:16:30;0,328863;190655;336,42
NT1;26/12/16;20:15:13;0,23991;139085;477,46
NT1;27/12/16;10:47:56;0,089921;52131;119,03
NT1;27/12/16;13:33:50;0,114323;66278;221,25
NT1;27/12/16;15:51:52;0,241378;139936;401,19
NT1;28/12/16;14:57:27;0,313288;181626;482,37
NT1;28/12/16;16:32:24;0,34016;197204;575,01
NT1;29/12/16;10:03:11;0,101044;58579;91,42
NT1;29/12/16;12:18:11;0,169515;98275;295,85
NT1;29/12/16;18:16:22;0,305075;176864;485,78
NT1;29/12/16;20:50:25;0,27412;158918;529,91
NT1;30/12/16;18:12:29;0,2649;153573;183,81
NT1;31/12/16;09:32:32;0,332937;193017;540,63
NT1;31/12/16;10:41:19;0,29893;173302;564,44
NT1;31/12/16;12:15:53;0,347494;201456;634,41
NT1;31/12/16;12:46:51;0,30555;177140;460,73
NT1;31/12/16;15:44:00;0,201172;116627;326,72
NT1;31/12/16;16:57:44;0,191118;110799;303,37
NT1;31/12/16;17:57:38;0,316229;183331;462,94
NT1;31/12/16;21:33:05;0,706589;409638;964,21
NT1;01/01/17;09:51:52;0,199238;115506;156,5
NT1;01/01/17;11:12:25;0,207779;120458;368,86
NT1;01/01/17;13:27:21;0,390953;226651;740,61
NT1;01/01/17;15:14:39;0,41915;242998;899,62
NT1;01/01/17;17:26:21;0,486415;281994;853,2
NT1;01/01/17;21:16:32;0,753129;436619;1625,94
NT1;02/01/17;10:48:15;0,155895;90379;315,51
NT1;02/01/17;11:49:42;0,190129;110225;392,16
NT1;02/01/17;16:48:27;0,373671;216632;521,79
NT1;03/01/17;09:38:47;0,124544;72203;255,12
NT1;03/01/17;10:36:05;0,102173;59234;314,42
NT1;03/01/17;17:23:12;0,41632;241357;520,67
NT1;04/01/17;10:37:03;0,062066;35982;82,95
NT1;04/01/17;14:55:30;0,211402;122558;388,12
NT1;05/01/17;09:39:33;0,040548;23507;109,23
NT1;05/01/17;14:29:26;0,214957;124619;431,72
NT1;05/01/17;15:03:48;0,159669;92567;342,14
NT1;06/01/17;12:56:16;0,223097;129338;352,55
NT1;06/01/17;13:31:22;0,205435;119099;256,53
NT1;06/01/17;15:49:39;0,220379;127763;165,06
NT1;06/01/17;16:43:55;0,257546;149310;214,46
NT1;07/01/17;09:15:34;0,065319;37868;132,8
NT1;07/01/17;10:15:47;0,127417;73869;284,39
NT1;07/01/17;12:17:33;0,218811;126853;409,04
NT1;07/01/17;17:01:08;0,584112;338633;482,19
NT1;08/01/17;10:04:23;0,167998;97395;325,2
NT1;08/01/17;12:06:08;0,239293;138728;426,84
NT1;08/01/17;12:32:39;0,354268;205383;755,34
NT1;08/01/17;13:27:19;0,480574;278608;1068,62
NT1;08/01/17;14:40:18;0,483115;280081;1177,93
NT1;08/01/17;15:06:14;0,4494;260535;1089,01
TMC;17/12/16;08:58:42;0,077706;45049;149,69
TMC;17/12/16;12:18:18;0,059098;34261;96,97
TMC;17/12/16;16:19:03;0,772794;448020;928,17
TMC;17/12/16;17:37:38;0,913995;529879;1271,71
TMC;17/12/16;21:23:04;0,310001;179720;893,74
TMC;18/12/16;08:06:13;0,187001;108412;245,68
TMC;18/12/16;09:34:17;0,495081;287018;501,21
TMC;18/12/16;11:23:03;0,817379;473867;1243,58
TMC;18/12/16;15:52:54;0,487796;282795;422,91
TMC;18/12/16;19:56:18;0,859805;498463;1497,55
TMC;19/12/16;12:46:51;0,371282;215247;553,49
TMC;19/12/16;23:11:49;1,815236;1052365;4695,06
TMC;20/12/16;12:08:59;0,454909;263729;700,4
TMC;20/12/16;13:41:52;0,445756;258423;698,16
TMC;20/12/16;15:52:35;0,493639;286182;348,78
TMC;20/12/16;17:10:16;0,375734;217828;384
TMC;21/12/16;13:39:06;0,41102;238285;699,7
TMC;21/12/16;15:24:52;0,56925;330017;393,1
TMC;22/12/16;11:05:22;0,359734;208552;524,37
TMC;22/12/16;12:41:40;0,329009;190740;555,17
TMC;22/12/16;13:32:19;0,441101;255724;562,62
TMC;22/12/16;15:25:08;0,470983;273048;474,84
TMC;23/12/16;08:44:27;0,043814;25401;37,54
TMC;23/12/16;12:49:33;0,210845;122235;263,09
TMC;23/12/16;13:41:19;0,681284;394968;849,94
TMC;23/12/16;17:58:55;0,264004;153054;343,15
TMC;25/12/16;10:43:03;0,581735;337255;488,96
TMC;25/12/16;14:03:14;0,577438;334764;525,51
TMC;25/12/16;21:31:05;1,975276;1145147;2584,64
TMC;25/12/16;22:58:10;0,8344;483735;1144,33
TMC;26/12/16;09:32:46;0,307196;178094;349,89
TMC;26/12/16;16:03:02;0,421806;244538;627,54
TMC;26/12/16;22:26:32;1,228526;712226;3184,8
TMC;27/12/16;08:46:39;0,018912;10964;0
TMC;27/12/16;12:49:33;0,29414;170525;599,4
TMC;27/12/16;16:13:45;0,377036;218583;611,53
TMC;27/12/16;17:00:07;0,469385;272121;843,21
TMC;28/12/16;15:59:05;0,591039;342649;488,89
TMC;29/12/16;08:46:45;0,071508;41456;76,95
TMC;29/12/16;14:31:26;1,100766;638158;1036,58
TMC;29/12/16;15:18:22;0,698022;404671;693,86
TMC;29/12/16;15:41:47;0,661434;383460;656,54
TMC;30/12/16;09:47:37;0,327085;189624;606,78
TMC;30/12/16;13:22:43;0,435094;252241;999,06
TMC;30/12/16;16:11:59;0,500008;289875;660,57
TMC;30/12/16;17:25:47;0,51566;298949;126,48
TMC;31/12/16;09:14:55;0,141701;82150;319,6
TMC;31/12/16;09:42:01;0,31615;183285;532,89
TMC;31/12/16;13:02:44;0,400971;232459;779,39
TMC;31/12/16;14:45:53;0,803453;465794;852,09
TMC;31/12/16;17:18:04;0,784778;454967;933,92
TMC;31/12/16;20:23:32;1,223245;709164;651,24
TMC;01/01/17;11:16:06;0,338898;196473;316,15
TMC;01/01/17;13:56:49;0,731484;424071;554,17
TMC;01/01/17;15:09:38;1,362419;789849;1003,62
TMC;01/01/17;16:22:07;0,737432;427519;650,29
TMC;02/01/17;08:45:15;0,001733;1005;0,88
TMC;02/01/17;10:18:26;0,202216;117233;221,04
TMC;02/01/17;14:26:34;1,024205;593773;843
TMC;02/01/17;14:56:26;0,997604;578351;849,59
TMC;02/01/17;15:56:51;0,509132;295164;635,25
TMC;03/01/17;15:28:45;0,5491;318335;648,79
TMC;03/01/17;15:53:19;0,462256;267988;575,19
TMC;04/01/17;14:34:47;0,483449;280275;372,34
TMC;04/01/17;17:01:33;0,504175;292290;355,06
TMC;04/01/17;20:06:24;1,664473;964962;3827,67
TMC;05/01/17;14:42:38;0,73129;423958;619,01
TMC;05/01/17;15:27:09;0,492997;285810;555,19
TMC;05/01/17;17:09:20;0,469647;272273;302,06
TMC;06/01/17;09:44:33;0,082828;48019;103,41
TMC;06/01/17;12:15:41;0,161656;93718;225,54
TMC;06/01/17;14:11:09;0,5444;315610;471,73
TMC;06/01/17;16:10:22;0,381274;221040;378,06
TMC;06/01/17;16:40:17;0,32183;186578;291,95
TMC;07/01/17;12:35:36;0,089761;52038;51,51
TMC;07/01/17;13:46:11;0,420668;243878;272,31
TMC;07/01/17;14:47:46;0,654307;379328;820,08
TMC;07/01/17;16:52:59;1,05233;610078;882,65
TMC;08/01/17;10:05:43;0,477426;276783;380,16
TMC;08/01/17;13:43:55;1,074885;623154;968,69
TMC;08/01/17;15:15:41;1,318891;764614;879,47
TMC;08/01/17;18:53:09;1,201672;696657;1619,82
TMC;08/01/17;21:55:19;1,128686;654344;1544,84
TMC;08/01/17;22:58:02;1,097664;636360;1164,57
TV Breizh;18/12/16;08:52:14;0,033386;19355;7,47
TV Breizh;18/12/16;11:44:14;0,060312;34965;54,19
TV Breizh;18/12/16;12:46:37;0,055818;32360;34,12
TV Breizh;18/12/16;15:15:42;0,147123;85293;109,24
TV Breizh;18/12/16;15:41:53;0,149639;86752;71,82
TV Breizh;18/12/16;16:30:24;0,159076;92223;108,22
TV Breizh;18/12/16;18:37:56;0,128104;74267;81,94
TV Breizh;18/12/16;20:02:03;0,081643;47332;43,86
TV Breizh;18/12/16;20:48:37;0,058419;33868;57,64
TV Breizh;19/12/16;10:52:34;0,038605;22381;11,97
TV Breizh;19/12/16;11:43:43;0,055019;31897;24,22
TV Breizh;19/12/16;12:52:46;0,030143;17475;35,65
TV Breizh;19/12/16;13:38:21;0,049871;28912;29,59
TV Breizh;19/12/16;14:35:40;0,096669;56043;53,01
TV Breizh;19/12/16;15:26:41;0,050103;29047;23,09
TV Breizh;19/12/16;15:58:38;0,055846;32376;42,71
TV Breizh;19/12/16;16:26:31;0,064163;37198;28,44
TV Breizh;19/12/16;17:07:35;0,056134;32543;30,95
TV Breizh;19/12/16;18:58:35;0,060218;34911;58,28
TV Breizh;19/12/16;19:20:28;0,065522;37986;40,13
TV Breizh;19/12/16;19:45:49;0,059744;34636;47,75
TV Breizh;20/12/16;10:48:49;0,031694;18374;11,08
TV Breizh;20/12/16;12:11:00;0,0311;18030;16,03
TV Breizh;20/12/16;14:31:52;0,087403;50671;40,98
TV Breizh;20/12/16;15:14:22;0,058637;33994;38,54
TV Breizh;20/12/16;15:53:27;0,057778;33496;28,33
TV Breizh;20/12/16;16:59:47;0,046084;26717;19,92
TV Breizh;20/12/16;17:50:01;0,052084;30195;22,47
TV Breizh;20/12/16;18:52:36;0,053909;31253;39,56
TV Breizh;21/12/16;10:51:04;0,041558;24093;12,66
TV Breizh;21/12/16;13:36:28;0,036756;21309;23,43
TV Breizh;21/12/16;16:56:50;0,056029;32482;22,07
TV Breizh;21/12/16;18:24:37;0,069866;40504;27,51
TV Breizh;21/12/16;19:17:09;0,062497;36232;37,06
TV Breizh;21/12/16;19:42:32;0,059856;34701;44,03
TV Breizh;22/12/16;13:37:18;0,045481;26367;14,5
TV Breizh;22/12/16;15:56:02;0,06835;39625;31,42
TV Breizh;22/12/16;16:20:49;0,067225;38973;20,69
TV Breizh;22/12/16;17:50:22;0,069338;40198;21,82
TV Breizh;22/12/16;18:28:23;0,057833;33528;9,32
TV Breizh;22/12/16;19:44:13;0,069169;40100;21,88
TV Breizh;23/12/16;11:23:31;0,036077;20915;8,16
TV Breizh;23/12/16;11:49:52;0,049669;28795;12,05
TV Breizh;23/12/16;13:45:47;0,045998;26667;17,61
TV Breizh;23/12/16;14:32:38;0,080488;46662;30,7
TV Breizh;23/12/16;15:57:37;0,060519;35085;21,64
TV Breizh;23/12/16;17:00:27;0,052746;30579;23,63
TV Breizh;23/12/16;17:50:32;0,069274;40161;17,41
TV Breizh;23/12/16;20:17:42;0,08406;48733;23,73
TV Breizh;23/12/16;22:12:52;0,024916;14445;22,51
TV Breizh;24/12/16;08:38:42;0,02878;16685;7,61
TV Breizh;24/12/16;10:11:48;0,066519;38564;30,22
TV Breizh;24/12/16;12:02:57;0,043304;25105;7,78
TV Breizh;24/12/16;15:15:31;0,038674;22421;16,02
TV Breizh;24/12/16;17:21:45;0,065321;37869;29,27
TV Breizh;24/12/16;18:30:53;0,102779;59585;54,47
TV Breizh;24/12/16;21:24:02;0,16026;92909;214,51
TV Breizh;25/12/16;09:32:53;0,033386;19355;7,47
TV Breizh;25/12/16;11:35:57;0,044258;25658;23,43
TV Breizh;25/12/16;12:17:09;0,060312;34965;54,19
TV Breizh;25/12/16;13:04:57;0,061357;35571;37,65
TV Breizh;25/12/16;15:25:41;0,147123;85293;109,24
TV Breizh;25/12/16;16:32:46;0,159076;92223;75,75
TV Breizh;25/12/16;21:59:12;0,089564;51924;39,24
TV Breizh;26/12/16;09:22:44;0,045557;26411;4,78
TV Breizh;26/12/16;10:26:25;0,038605;22381;17,09
TV Breizh;26/12/16;11:06:01;0,042838;24835;8,83
TV Breizh;26/12/16;12:04:52;0,035188;20400;29,85
TV Breizh;26/12/16;13:43:05;0,049871;28912;42,27
TV Breizh;26/12/16;15:10:29;0,050103;29047;23,09
TV Breizh;26/12/16;16:11:54;0,064163;37198;40,63
TV Breizh;26/12/16;17:02:01;0,056134;32543;21,67
TV Breizh;26/12/16;18:30:32;0,065572;38015;34,88
TV Breizh;26/12/16;18:53:46;0,060218;34911;40,8
TV Breizh;26/12/16;19:45:02;0,059744;34636;47,75
TV Breizh;27/12/16;11:35:04;0,032425;18798;12,79
TV Breizh;27/12/16;13:01:56;0,03041;17630;16,41
TV Breizh;27/12/16;13:51:59;0,043438;25183;10,22
TV Breizh;27/12/16;14:42:45;0,087403;50671;58,55
TV Breizh;27/12/16;15:43:04;0,057778;33496;28,33
TV Breizh;27/12/16;16:22:58;0,041491;24054;28,09
TV Breizh;27/12/16;17:59:37;0,052084;30195;22,47
TV Breizh;27/12/16;18:32:06;0,050878;29496;16,06
TV Breizh;27/12/16;20:42:39;0,050398;29218;24,79
TV Breizh;28/12/16;12:06:39;0,030988;17965;17,51
TV Breizh;28/12/16;12:58:15;0,026251;15219;12,24
TV Breizh;28/12/16;14:36:59;0,072446;42000;25,81
TV Breizh;28/12/16;15:15:29;0,053633;31093;18,64
TV Breizh;28/12/16;18:27:44;0,069866;40504;27,51
TV Breizh;28/12/16;20:20:51;0,058578;33960;29,91
TV Breizh;28/12/16;21:29:10;0,176388;102259;212,02
TV Breizh;29/12/16;07:32:42;0,034648;20087;10,66
TV Breizh;29/12/16;12:58:48;0,030753;17829;10,9
TV Breizh;29/12/16;14:35:13;0,072693;42143;24,65
TV Breizh;29/12/16;16:14:50;0,067225;38973;29,55
TV Breizh;29/12/16;17:01:49;0,060565;35112;14,48
TV Breizh;29/12/16;18:27:06;0,057833;33528;13,32
TV Breizh;30/12/16;11:06:46;0,036077;20915;11,65
TV Breizh;30/12/16;13:03:54;0,033322;19318;14,09
TV Breizh;30/12/16;13:48:06;0,045998;26667;0,5
TV Breizh;30/12/16;14:38:16;0,080488;46662;30,7
TV Breizh;30/12/16;15:42:30;0,060519;35085;21,64
TV Breizh;30/12/16;17:05:02;0,052746;30579;23,63
TV Breizh;31/12/16;08:38:13;0,031781;18425;6,35
TV Breizh;31/12/16;11:39:48;0,046793;27128;12
TV Breizh;31/12/16;12:24:43;0,043304;25105;11,1
TV Breizh;31/12/16;14:01:35;0,064212;37226;33,3
TV Breizh;31/12/16;15:54:49;0,055389;32111;24,06
TV Breizh;31/12/16;18:13:01;0,089525;51901;43,57
TV Breizh;31/12/16;18:37:05;0,102779;59585;38,13
TV Breizh;31/12/16;19:08:10;0,093783;54370;64,78
TV Breizh;31/12/16;20:20:56;0,09004;52200;22,07
TV Breizh;01/01/17;07:56:16;0,018726;10856;8,87
TV Breizh;01/01/17;08:51:25;0,020989;12168;2,71
TV Breizh;01/01/17;09:47:32;0,037788;21907;11,38
TV Breizh;01/01/17;10:39:31;0,065936;38226;14,84
TV Breizh;01/01/17;13:00:58;0,030276;17552;22,03
TV Breizh;01/01/17;13:47:37;0,03889;22546;20,78
TV Breizh;01/01/17;16:56:00;0,099941;57940;47,43
TV Breizh;01/01/17;18:20:32;0,074984;43471;40,72
TV Breizh;01/01/17;20:44:07;0,072696;42145;14,12
TV Breizh;01/01/17;21:20:21;0,108825;63090;55,94
TV Breizh;02/01/17;08:41:39;0,030988;17965;4,18
TV Breizh;02/01/17;09:11:39;0,02775;16088;6,17
TV Breizh;02/01/17;11:33:10;0,026427;15321;9,51
TV Breizh;02/01/17;11:59:31;0,048901;28350;30,64
TV Breizh;02/01/17;14:02:46;0,049286;28573;51,77
TV Breizh;02/01/17;15:22:41;0,046771;27115;24,79
TV Breizh;02/01/17;17:32:18;0,043495;25216;25,44
TV Breizh;02/01/17;18:21:38;0,046814;27140;49,56
TV Breizh;02/01/17;19:39:09;0,065;37683;55,22
TV Breizh;03/01/17;07:52:10;0,02661;15427;1,49
TV Breizh;03/01/17;09:52:35;0,046614;27024;15,34
TV Breizh;03/01/17;10:50:48;0,037536;21761;17,49
TV Breizh;03/01/17;11:45:24;0,046623;27029;46,99
TV Breizh;03/01/17;15:12:43;0,036799;21334;16,07
TV Breizh;03/01/17;15:49:05;0,037843;21939;18,13
TV Breizh;03/01/17;17:53:20;0,036865;21372;24,51
TV Breizh;04/01/17;07:00:55;0,020407;11831;3,44
TV Breizh;04/01/17;08:43:55;0,027497;15941;6,93
TV Breizh;04/01/17;10:44:33;0,031814;18444;7,18
TV Breizh;04/01/17;11:10:55;0,016288;9443;6,39
TV Breizh;04/01/17;11:40:08;0,03777;21897;13,52
TV Breizh;04/01/17;12:06:46;0,019916;11546;10,12
TV Breizh;04/01/17;15:53:37;0,04235;24552;26,52
TV Breizh;04/01/17;17:55:23;0,035868;20794;31,14
TV Breizh;05/01/17;09:10:38;0,04313;25004;7,98
TV Breizh;05/01/17;10:15:16;0,036335;21065;12,67
TV Breizh;05/01/17;11:43:38;0,047666;27634;31,99
TV Breizh;05/01/17;12:07:48;0,026676;15465;22,5
TV Breizh;05/01/17;12:46:01;0,020387;11819;15,97
TV Breizh;05/01/17;13:23:47;0,031114;18038;24,4
TV Breizh;05/01/17;17:34:19;0,054509;31601;31,11
TV Breizh;05/01/17;17:58:40;0,049388;28632;21,17
TV Breizh;05/01/17;18:55:16;0,069003;40004;47,06
TV Breizh;06/01/17;08:10:27;0,024525;14218;1,45
TV Breizh;06/01/17;09:48:12;0,045955;26642;9,63
TV Breizh;06/01/17;11:17:48;0,017523;10159;23,46
TV Breizh;06/01/17;12:47:20;0,029525;17117;29,64
TV Breizh;06/01/17;13:23:32;0,03508;20337;34,86
TV Breizh;06/01/17;13:49:34;0,047585;27587;40,9
TV Breizh;06/01/17;17:54:38;0,047309;27427;38,74
TV Breizh;06/01/17;21:14:36;0,136221;78973;87,29
TV Breizh;07/01/17;11:50:10;0,035154;20380;18,53
TV Breizh;07/01/17;15:24:42;0,07521;43602;48,04
TV Breizh;07/01/17;16:10:51;0,088993;51593;38,79
TV Breizh;07/01/17;18:34:27;0,106346;61653;56,44
TV Breizh;07/01/17;20:13:12;0,101244;58695;81,27
TV Breizh;07/01/17;22:34:37;0,145548;84380;139,67
TV Breizh;08/01/17;07:33:00;0,018726;10856;6,08
TV Breizh;08/01/17;11:15:16;0,065438;37937;35,67
TV Breizh;08/01/17;12:06:24;0,049617;28765;31,02
TV Breizh;08/01/17;12:59:44;0,030276;17552;21,61
TV Breizh;08/01/17;14:32:28;0,085569;49608;37,72
TV Breizh;08/01/17;15:28:07;0,098322;57001;51,46
TV Breizh;08/01/17;16:35:20;0,099941;57940;48,37
TV Breizh;08/01/17;17:09:03;0,127821;74103;43,08
TV Breizh;08/01/17;17:35:07;0,074984;43471;40,72
Ushuaia TV;20/12/16;07:09:16;0,001299;753;0,29
Ushuaia TV;20/12/16;08:02:44;0,001884;1092;0,31
Ushuaia TV;20/12/16;08:47:02;0,004133;2396;0,02
Ushuaia TV;20/12/16;09:31:40;0,007367;4271;1,37
Ushuaia TV;20/12/16;11:12:23;0,014436;8369;0,24
Ushuaia TV;20/12/16;12:06:12;0,002962;1717;0,25
Ushuaia TV;20/12/16;12:59:26;0,001554;901;1,68
Ushuaia TV;20/12/16;13:33:25;0,005897;3419;2,21
Ushuaia TV;20/12/16;13:48:16;0,006051;3508;2,77
Ushuaia TV;20/12/16;15:25:35;0,009085;5267;0,55
Ushuaia TV;20/12/16;16:11:03;0,011478;6654;1,06
Ushuaia TV;20/12/16;16:57:54;0,018565;10763;2,08
Ushuaia TV;20/12/16;17:44:13;0,020376;11813;3,81
Ushuaia TV;20/12/16;18:49:53;0,015819;9171;4,85
Ushuaia TV;20/12/16;19:45:34;0,002567;1488;1,38
Ushuaia TV;20/12/16;20:01:35;0,002567;1488;1,38
Ushuaia TV;20/12/16;20:37:33;0,009627;5581;8,51
Ushuaia TV;20/12/16;21:33:28;0,015076;8740;5,04
Ushuaia TV;21/12/16;06:57:15;0,002551;1479;0,7
Ushuaia TV;21/12/16;07:50:54;0,002475;1435;2,21
Ushuaia TV;21/12/16;09:29:07;0,002656;1540;0,32
Ushuaia TV;21/12/16;11:07:38;0,018767;10880;1,18
Ushuaia TV;21/12/16;11:59:17;0,001057;613;0,02
Ushuaia TV;21/12/16;12:52:47;0,004085;2368;1,36
Ushuaia TV;21/12/16;13:18:57;0,003769;2185;0,36
Ushuaia TV;21/12/16;13:48:26;0,008243;4779;0,26
Ushuaia TV;21/12/16;15:38:05;0,009903;5741;3,06
Ushuaia TV;21/12/16;16:23:15;0,013309;7716;2,42
Ushuaia TV;21/12/16;17:17:40;0,01531;8876;2,03
Ushuaia TV;21/12/16;18:02:15;0,015591;9039;3,09
Ushuaia TV;21/12/16;18:54:04;0,013406;7772;7,93
Ushuaia TV;21/12/16;19:48:20;0,005239;3037;4,5
Ushuaia TV;21/12/16;20:16:51;0,005239;3037;4,5
Ushuaia TV;21/12/16;20:43:43;0,010872;6303;7,05
Ushuaia TV;21/12/16;22:35:26;0,012759;7397;9,26
Ushuaia TV;22/12/16;06:56:41;0,001387;804;1,04
Ushuaia TV;22/12/16;07:43:07;0,003132;1816;2,72
Ushuaia TV;22/12/16;08:36:14;0,002472;1433;0,12
Ushuaia TV;22/12/16;09:20:46;0,012804;7423;1,87
Ushuaia TV;22/12/16;10:59:20;0,026579;15409;1,56
Ushuaia TV;22/12/16;11:52:32;0,003824;2217;0,53
Ushuaia TV;22/12/16;12:47:18;0,001447;839;1,92
Ushuaia TV;22/12/16;13:16:23;0,001925;1116;2,35
Ushuaia TV;22/12/16;13:47:15;0,007032;4077;7,88
Ushuaia TV;22/12/16;15:37:23;0,014405;8351;2,57
Ushuaia TV;22/12/16;16:22:43;0,012157;7048;2,74
Ushuaia TV;22/12/16;17:08:50;0,013027;7552;2,31
Ushuaia TV;22/12/16;18:01:37;0,021382;12396;5,75
Ushuaia TV;22/12/16;18:53:10;0,013658;7918;6,94
Ushuaia TV;22/12/16;19:48:53;0,002691;1560;3,03
Ushuaia TV;22/12/16;20:03:53;0,002691;1560;3,03
Ushuaia TV;22/12/16;20:38:17;0,0107;6203;9,18
Ushuaia TV;23/12/16;07:09:13;0,001125;652;0,36
Ushuaia TV;23/12/16;08:49:53;0,002786;1615;0,04
Ushuaia TV;23/12/16;09:43:59;0,002056;1192;0,07
Ushuaia TV;23/12/16;11:22:40;0,009604;5568;2,52
Ushuaia TV;23/12/16;12:15:54;0,002248;1303;0,56
Ushuaia TV;23/12/16;13:10:24;0,004188;2428;6,04
Ushuaia TV;23/12/16;13:25:04;0,005775;3348;5,72
Ushuaia TV;23/12/16;13:59:53;0,00365;2116;2,96
Ushuaia TV;23/12/16;15:36:03;0,011383;6599;2,41
Ushuaia TV;23/12/16;16:30:06;0,011189;6487;3,16
Ushuaia TV;23/12/16;17:25:21;0,016954;9829;4,4
Ushuaia TV;23/12/16;18:19:11;0,021025;12189;1,58
Ushuaia TV;23/12/16;18:48:05;0,015942;9242;6,89
Ushuaia TV;23/12/16;19:42:52;0,003517;2039;3,74
Ushuaia TV;23/12/16;20:11:28;0,003517;2039;3,74
Ushuaia TV;23/12/16;20:38:25;0,010522;6100;6,19
Ushuaia TV;23/12/16;21:26:17;0,018167;10532;6,56
Ushuaia TV;24/12/16;06:58:58;0,003503;2031;2,7
Ushuaia TV;24/12/16;07:50:23;0,004216;2444;3,51
Ushuaia TV;24/12/16;08:47:14;0,004783;2773;2,31
Ushuaia TV;24/12/16;09:40:33;0,005961;3456;1,68
Ushuaia TV;24/12/16;10:29:14;0,021027;12190;2,7
Ushuaia TV;24/12/16;12:11:43;0,009164;5313;0,47
Ushuaia TV;24/12/16;12:17:45;0,005982;3468;1,25
Ushuaia TV;24/12/16;13:15:35;0,008587;4978;1,37
Ushuaia TV;24/12/16;15:07:36;0,013234;7672;3,51
Ushuaia TV;24/12/16;15:59:01;0,010691;6198;2,23
Ushuaia TV;24/12/16;16:46:53;0,016523;9579;5,97
Ushuaia TV;24/12/16;17:32:32;0,013001;7537;6,25
Ushuaia TV;24/12/16;18:21:55;0,018229;10568;7,28
Ushuaia TV;24/12/16;19:16:23;0,018688;10834;3,78
Ushuaia TV;24/12/16;20:12:32;0,009589;5559;1,17
Ushuaia TV;24/12/16;20:39:57;0,008487;4920;11,03
Ushuaia TV;24/12/16;21:35:03;0,00722;4186;0,39
Ushuaia TV;25/12/16;06:52:07;0,004098;2376;3,1
Ushuaia TV;25/12/16;07:38:54;0,010068;5837;12,49
Ushuaia TV;25/12/16;08:39:13;0,007341;4256;4,64
Ushuaia TV;25/12/16;09:32:15;0,012557;7280;2,19
Ushuaia TV;25/12/16;10:18:53;0,015609;9049;1,08
Ushuaia TV;25/12/16;11:14:11;0,018903;10959;2,85
Ushuaia TV;25/12/16;12:38:50;0,00379;2197;0,87
Ushuaia TV;25/12/16;13:07:29;0,007317;4242;1,62
Ushuaia TV;25/12/16;13:35:53;0,009951;5769;2,09
Ushuaia TV;25/12/16;15:20:44;0,013116;7604;5,06
Ushuaia TV;25/12/16;16:07:07;0,012977;7523;7,04
Ushuaia TV;25/12/16;17:02:06;0,013718;7953;6,17
Ushuaia TV;25/12/16;17:51:47;0,016087;9326;6,09
Ushuaia TV;25/12/16;19:32:09;0,016463;9544;7,97
Ushuaia TV;25/12/16;19:41:03;0,015067;8735;12,51
Ushuaia TV;25/12/16;20:11:14;0,014337;8312;10,02
Ushuaia TV;25/12/16;20:41:44;0,011641;6749;10,97
Ushuaia TV;25/12/16;21:37:05;0,01623;9409;11,18
Ushuaia TV;26/12/16;06:56:45;0,001356;786;0,09
Ushuaia TV;26/12/16;07:54:03;0,003759;2179;2,26
Ushuaia TV;26/12/16;08:57:18;0,002213;1283;1,32
Ushuaia TV;26/12/16;09:50:49;0,005632;3265;0,9
Ushuaia TV;26/12/16;11:25:10;0,010349;6000;0,85
Ushuaia TV;26/12/16;12:19:25;0,002896;1679;0,08
Ushuaia TV;26/12/16;13:14:56;0,002341;1357;0,17
Ushuaia TV;26/12/16;13:22:51;0,003057;1772;0,71
Ushuaia TV;26/12/16;13:53:34;0,004863;2819;3,82
Ushuaia TV;26/12/16;15:29:05;0,014572;8448;8,4
Ushuaia TV;26/12/16;16:23:17;0,010955;6351;3,85
Ushuaia TV;26/12/16;17:08:41;0,011279;6539;1,32
Ushuaia TV;26/12/16;18:47:09;0,014313;8298;9,84
Ushuaia TV;26/12/16;19:43:12;0,003883;2251;4,34
Ushuaia TV;26/12/16;20:12:20;0,003883;2251;4,34
Ushuaia TV;26/12/16;20:39:10;0,007148;4144;8,87
Ushuaia TV;26/12/16;21:44:34;0,010588;6138;12
Ushuaia TV;27/12/16;06:52:16;0,001299;753;0,29
Ushuaia TV;27/12/16;07:40:00;0,001884;1092;0,31
Ushuaia TV;27/12/16;08:26:32;0,004133;2396;0,02
Ushuaia TV;27/12/16;09:11:15;0,007367;4271;1,37
Ushuaia TV;27/12/16;09:57:10;0,014436;8369;0,24
Ushuaia TV;27/12/16;11:49:09;0,002962;1717;0,25
Ushuaia TV;27/12/16;12:44:13;0,001554;901;1,68
Ushuaia TV;27/12/16;13:12:44;0,005897;3419;2,21
Ushuaia TV;27/12/16;13:41:50;0,006051;3508;2,77
Ushuaia TV;27/12/16;15:12:20;0,009085;5267;0,55
Ushuaia TV;27/12/16;16:00:08;0,011478;6654;1,06
Ushuaia TV;27/12/16;16:45:05;0,018565;10763;2,08
Ushuaia TV;27/12/16;17:11:49;0,020376;11813;3,81
Ushuaia TV;27/12/16;18:43:33;0,015819;9171;4,85
Ushuaia TV;27/12/16;19:39:27;0,002567;1488;1,38
Ushuaia TV;27/12/16;20:07:00;0,002567;1488;1,38
Ushuaia TV;27/12/16;20:38:47;0,009627;5581;8,51
Ushuaia TV;27/12/16;22:15:24;0,015076;8740;5,04
Ushuaia TV;28/12/16;07:04:17;0,002551;1479;0,7
Ushuaia TV;28/12/16;07:58:35;0,002475;1435;2,21
Ushuaia TV;28/12/16;09:35:33;0,002656;1540;0,32
Ushuaia TV;28/12/16;11:16:43;0,018767;10880;1,18
Ushuaia TV;28/12/16;12:10:43;0,001057;613;0,02
Ushuaia TV;28/12/16;13:07:10;0,004085;2368;1,36
Ushuaia TV;28/12/16;13:12:57;0,003769;2185;0,36
Ushuaia TV;28/12/16;13:44:54;0,008243;4779;0,26
Ushuaia TV;28/12/16;15:16:30;0,009903;5741;3,06
Ushuaia TV;28/12/16;16:02:20;0,013309;7716;2,42
Ushuaia TV;28/12/16;16:57:17;0,01531;8876;2,03
Ushuaia TV;28/12/16;18:02:05;0,015591;9039;3,09
Ushuaia TV;28/12/16;18:49:55;0,013406;7772;7,93
Ushuaia TV;28/12/16;19:43:50;0,005239;3037;4,5
Ushuaia TV;28/12/16;20:20:57;0,005239;3037;4,5
Ushuaia TV;28/12/16;20:37:20;0,010872;6303;7,05
Ushuaia TV;28/12/16;21:27:43;0,012759;7397;9,26
Ushuaia TV;29/12/16;06:53:07;0,001387;804;1,04
Ushuaia TV;29/12/16;07:40:07;0,003132;1816;2,72
Ushuaia TV;29/12/16;08:36:00;0,002472;1433;0,12
Ushuaia TV;29/12/16;09:20:53;0,012804;7423;1,87
Ushuaia TV;29/12/16;11:03:09;0,026579;15409;1,56
Ushuaia TV;29/12/16;11:55:49;0,003824;2217;0,53
Ushuaia TV;29/12/16;12:49:51;0,001447;839;1,92
Ushuaia TV;29/12/16;13:19:17;0,001925;1116;2,35
Ushuaia TV;29/12/16;13:40:20;0,007032;4077;7,88
Ushuaia TV;29/12/16;15:11:14;0,014405;8351;2,57
Ushuaia TV;29/12/16;15:57:57;0,012157;7048;2,74
Ushuaia TV;29/12/16;16:44:32;0,013027;7552;2,31
Ushuaia TV;29/12/16;17:11:57;0,021382;12396;5,75
Ushuaia TV;29/12/16;18:49:06;0,013658;7918;6,94
Ushuaia TV;29/12/16;19:52:04;0,002691;1560;3,03
Ushuaia TV;29/12/16;20:07:37;0,002691;1560;3,03
Ushuaia TV;29/12/16;20:38:30;0,0107;6203;9,18
Ushuaia TV;30/12/16;06:58:02;0,001125;652;0,36
Ushuaia TV;30/12/16;08:47:50;0,002786;1615;0,04
Ushuaia TV;30/12/16;09:40:18;0,002056;1192;0,07
Ushuaia TV;30/12/16;11:18:26;0,009604;5568;2,52
Ushuaia TV;30/12/16;12:13:51;0,002248;1303;0,56
Ushuaia TV;30/12/16;13:08:16;0,004188;2428;6,04
Ushuaia TV;30/12/16;13:23:49;0,005775;3348;5,72
Ushuaia TV;30/12/16;13:53:28;0,00365;2116;2,96
Ushuaia TV;30/12/16;15:09:30;0,011383;6599;2,41
Ushuaia TV;30/12/16;16:05:29;0,011189;6487;3,16
Ushuaia TV;30/12/16;17:03:11;0,016954;9829;4,4
Ushuaia TV;30/12/16;17:57:27;0,021025;12189;1,58
Ushuaia TV;30/12/16;18:53:20;0,015942;9242;6,89
Ushuaia TV;30/12/16;19:49:12;0,003517;2039;3,74
Ushuaia TV;30/12/16;20:22:17;0,003517;2039;3,74
Ushuaia TV;30/12/16;20:39:45;0,010522;6100;6,19
Ushuaia TV;30/12/16;21:26:59;0,018167;10532;6,56
Ushuaia TV;31/12/16;06:05:43;0,003503;2031;2,7
Ushuaia TV;31/12/16;07:00:03;0,004216;2444;3,51
Ushuaia TV;31/12/16;07:48:23;0,004783;2773;2,31
Ushuaia TV;31/12/16;09:23:35;0,005961;3456;1,68
Ushuaia TV;31/12/16;10:36:47;0,021027;12190;2,7
Ushuaia TV;31/12/16;12:21:29;0,009164;5313;0,47
Ushuaia TV;31/12/16;12:37:02;0,005982;3468;1,25
Ushuaia TV;31/12/16;13:36:04;0,008587;4978;1,37
Ushuaia TV;31/12/16;15:21:38;0,013234;7672;3,51
Ushuaia TV;31/12/16;16:08:19;0,010691;6198;2,23
Ushuaia TV;31/12/16;16:55:51;0,016523;9579;5,97
Ushuaia TV;31/12/16;17:50:39;0,013001;7537;6,25
Ushuaia TV;31/12/16;18:39:34;0,018229;10568;7,28
Ushuaia TV;31/12/16;20:35:43;0,008487;4920;11,03
Ushuaia TV;31/12/16;21:36:08;0,00722;4186;0,39
Ushuaia TV;01/01/17;06:56:55;0,004098;2376;2,92
Ushuaia TV;01/01/17;07:52:18;0,010068;5837;11,53
Ushuaia TV;01/01/17;08:47:18;0,007341;4256;4,28
Ushuaia TV;01/01/17;09:41:31;0,012557;7280;2,02
Ushuaia TV;01/01/17;10:37:17;0,015609;9049;0,99
Ushuaia TV;01/01/17;11:23:53;0,018903;10959;2,63
Ushuaia TV;01/01/17;12:39:12;0,00379;2197;0,82
Ushuaia TV;01/01/17;13:13:59;0,007317;4242;1,5
Ushuaia TV;01/01/17;13:28:54;0,009951;5769;1,96
Ushuaia TV;01/01/17;15:17:16;0,013116;7604;4,76
Ushuaia TV;01/01/17;16:12:41;0,012977;7523;6,62
Ushuaia TV;01/01/17;17:09:14;0,013718;7953;5,7
Ushuaia TV;01/01/17;19:42:09;0,016463;9544;7,04
Ushuaia TV;01/01/17;20:14:32;0,015067;8735;12,05
Ushuaia TV;01/01/17;20:15:58;0,014337;8312;9,65
Ushuaia TV;01/01/17;20:43:09;0,008602;4987;6,59
Ushuaia TV;01/01/17;21:39:26;0,01623;9409;10,77
Ushuaia TV;02/01/17;06:50:57;0,001356;786;0,09
Ushuaia TV;02/01/17;07:48:48;0,003759;2179;2,09
Ushuaia TV;02/01/17;08:43:37;0,002213;1283;1,22
Ushuaia TV;02/01/17;09:52:19;0,005632;3265;0,82
Ushuaia TV;02/01/17;11:28:50;0,010349;6000;0,8
Ushuaia TV;02/01/17;12:25:28;0,002896;1679;0,07
Ushuaia TV;02/01/17;13:22:01;0,002341;1357;0,16
Ushuaia TV;02/01/17;13:24:03;0,003057;1772;0,66
Ushuaia TV;02/01/17;13:56:11;0,004863;2819;3,52
Ushuaia TV;02/01/17;15:32:36;0,014572;8448;7,75
Ushuaia TV;02/01/17;16:26:42;0,010955;6351;3,55
Ushuaia TV;02/01/17;17:11:40;0,011279;6539;1,24
Ushuaia TV;02/01/17;18:48:58;0,014313;8298;8,69
Ushuaia TV;02/01/17;19:46:02;0,003883;2251;4,17
Ushuaia TV;02/01/17;20:15:56;0,003883;2251;4,17
Ushuaia TV;02/01/17;20:41:41;0,00455;2638;4,95
Ushuaia TV;02/01/17;21:38:26;0,010588;6138;11,56
Ushuaia TV;03/01/17;06:45:29;0,001299;753;0,27
Ushuaia TV;03/01/17;07:32:17;0,001884;1092;0,28
Ushuaia TV;03/01/17;08:19:08;0,004133;2396;0,02
Ushuaia TV;03/01/17;09:50:05;0,007367;4271;1,26
Ushuaia TV;03/01/17;11:19:05;0,014436;8369;0,22
Ushuaia TV;03/01/17;12:10:41;0,002962;1717;0,22
Ushuaia TV;03/01/17;13:05:33;0,001554;901;1,56
Ushuaia TV;03/01/17;13:33:16;0,005897;3419;2,08
Ushuaia TV;03/01/17;13:37:55;0,006051;3508;2,56
Ushuaia TV;03/01/17;15:11:16;0,009085;5267;0,51
Ushuaia TV;03/01/17;15:58:03;0,011478;6654;0,99
Ushuaia TV;03/01/17;16:45:22;0,018565;10763;1,92
Ushuaia TV;03/01/17;17:15:56;0,020376;11813;4,55
Ushuaia TV;03/01/17;18:47:00;0,015819;9171;4,37
Ushuaia TV;03/01/17;19:43:43;0,002567;1488;1,33
Ushuaia TV;03/01/17;20:14:12;0,002567;1488;1,33
Ushuaia TV;03/01/17;20:40:48;0,001725;1000;2,55
Ushuaia TV;03/01/17;21:38:22;0,015076;8740;4,86
Ushuaia TV;04/01/17;06:47:28;0,002551;1479;0,64
Ushuaia TV;04/01/17;07:40:31;0,002475;1435;2,07
Ushuaia TV;04/01/17;09:20:01;0,002656;1540;0,31
Ushuaia TV;04/01/17;10:54:23;0,018767;10880;1,1
Ushuaia TV;04/01/17;11:48:33;0,001057;613;0,02
Ushuaia TV;04/01/17;12:46:31;0,004085;2368;1,26
Ushuaia TV;04/01/17;13:13:35;0,003769;2185;0,33
Ushuaia TV;04/01/17;13:44:51;0,008243;4779;0,25
Ushuaia TV;04/01/17;15:21:44;0,009903;5741;2,83
Ushuaia TV;04/01/17;16:06:25;0,013309;7716;2,29
Ushuaia TV;04/01/17;17:13:19;0,01531;8876;1,87
Ushuaia TV;04/01/17;18:01:09;0,015591;9039;3,7
Ushuaia TV;04/01/17;18:47:33;0,013406;7772;7,15
Ushuaia TV;04/01/17;19:46:11;0,005239;3037;4,34
Ushuaia TV;04/01/17;20:16:05;0,005239;3037;4,34
Ushuaia TV;04/01/17;20:42:49;0,004635;2687;3,77
Ushuaia TV;04/01/17;21:37:43;0,012759;7397;8,92
Ushuaia TV;05/01/17;06:45:19;0,001387;804;0,95
Ushuaia TV;05/01/17;07:38:46;0,003132;1816;2,57
Ushuaia TV;05/01/17;08:36:37;0,002472;1433;0,11
Ushuaia TV;05/01/17;09:33:44;0,012804;7423;1,73
Ushuaia TV;05/01/17;11:13:49;0,026579;15409;1,46
Ushuaia TV;05/01/17;12:10:49;0,003824;2217;0,48
Ushuaia TV;05/01/17;13:06:08;0,001447;839;1,81
Ushuaia TV;05/01/17;13:36:29;0,001925;1116;2,18
Ushuaia TV;05/01/17;13:40:24;0,007032;4077;7,28
Ushuaia TV;05/01/17;15:19:50;0,014405;8351;2,42
Ushuaia TV;05/01/17;16:08:41;0,012157;7048;2,52
Ushuaia TV;05/01/17;17:03:46;0,013027;7552;2,13
Ushuaia TV;05/01/17;17:57:34;0,021382;12396;6,86
Ushuaia TV;05/01/17;18:48:41;0,013658;7918;6,26
Ushuaia TV;05/01/17;19:44:07;0,002691;1560;2,97
Ushuaia TV;05/01/17;20:12:58;0,002691;1560;2,97
Ushuaia TV;05/01/17;20:41:56;0,006346;3679;2,07
Ushuaia TV;06/01/17;07:03:58;0,001125;652;0,32
Ushuaia TV;06/01/17;08:43:53;0,002786;1615;0,03
Ushuaia TV;06/01/17;09:38:58;0,002056;1192;0,07
Ushuaia TV;06/01/17;11:13:31;0,009604;5568;2,32
Ushuaia TV;06/01/17;12:08:49;0,002248;1303;0,52
Ushuaia TV;06/01/17;13:03:14;0,004188;2428;5,69
Ushuaia TV;06/01/17;13:36:52;0,005775;3348;5,29
Ushuaia TV;06/01/17;13:38:53;0,00365;2116;2,73
Ushuaia TV;06/01/17;15:02:00;0,011383;6599;2,23
Ushuaia TV;06/01/17;16:02:00;0,011189;6487;2,92
Ushuaia TV;06/01/17;16:50:41;0,016954;9829;4,15
Ushuaia TV;06/01/17;17:50:29;0,021025;12189;1,89
Ushuaia TV;06/01/17;18:45:32;0,015942;9242;6,09
Ushuaia TV;06/01/17;19:40:38;0,003517;2039;3,67
Ushuaia TV;06/01/17;20:11:19;0,003517;2039;3,6
Ushuaia TV;06/01/17;20:38:49;0,001387;804;1,04
Ushuaia TV;06/01/17;21:27:28;0,018167;10532;6,45
Ushuaia TV;07/01/17;06:20:41;0,003503;2031;2,49
Ushuaia TV;07/01/17;08:07:20;0,004216;2444;3,25
Ushuaia TV;07/01/17;09:03:31;0,004783;2773;2,13
Ushuaia TV;07/01/17;09:59:02;0,005961;3456;1,59
Ushuaia TV;07/01/17;10:55:08;0,021027;12190;2,5
Ushuaia TV;07/01/17;12:34:29;0,009164;5313;0,43
Ushuaia TV;07/01/17;12:37:19;0,005982;3468;1,18
Ushuaia TV;07/01/17;13:34:19;0,008587;4978;1,26
Ushuaia TV;07/01/17;15:02:34;0,013234;7672;3,25
Ushuaia TV;07/01/17;15:49:24;0,010691;6198;2,1
Ushuaia TV;07/01/17;16:38:31;0,016523;9579;5,5
Ushuaia TV;07/01/17;17:26:35;0,020566;11923;11,59
Ushuaia TV;07/01/17;18:22:15;0,018229;10568;8,69
Ushuaia TV;07/01/17;20:07:23;0,009589;5559;1,16
Ushuaia TV;07/01/17;20:37:56;0,005744;3330;2,19
Ushuaia TV;08/01/17;07:12:29;0,004098;2376;2,86
Ushuaia TV;08/01/17;08:08:30;0,010068;5837;11,53
Ushuaia TV;08/01/17;09:02:49;0,007341;4256;4,37
Ushuaia TV;08/01/17;10:00:27;0,012557;7280;2,02
Ushuaia TV;08/01/17;10:47:43;0,015609;9049;0,99
Ushuaia TV;08/01/17;11:35:09;0,018903;10959;2,63
Ushuaia TV;08/01/17;12:29:45;0,00379;2197;0,8
Ushuaia TV;08/01/17;13:02:21;0,007317;4242;1,5
Ushuaia TV;08/01/17;13:35:25;0,009951;5769;1,93
Ushuaia TV;08/01/17;15:26:18;0,013116;7604;4,67
Ushuaia TV;08/01/17;16:15:35;0,012977;7523;6,62
Ushuaia TV;08/01/17;17:11:25;0,013718;7953;5,81
Ushuaia TV;08/01/17;18:00:56;0,016087;9326;7,27
Ushuaia TV;08/01/17;19:34:19;0,016463;9544;7,04
Ushuaia TV;08/01/17;20:39:37;0,014337;8312;9,84
Ushuaia TV;08/01/17;20:42:04;0,008602;4987;6,46
Ushuaia TV;08/01/17;21:35:29;0,01623;9409;10,98